id_ingredient,id_recipe,qtde
248,52893,120g
52,52893,60g
41,52893,60g
464,52893,300g
41,52893,30g
110,52893,30g
84,52893,¼ teaspoon
181,52893,to serve
211,53049,200ml
223,53049,60ml
123,53049,2
137,53049,1600g
15,53049,3 tsp
281,53049,1/2 tsp
491,53049,25g
305,53049,45g
238,53049,3 tbs
70,53050,6
154,53050,1 1/2 
150,53050,6
53,53050,8
320,53050,2 tbs
104,53050,1 1/2 
95,53050,1 1/2 
393,53050,1 1/2 
309,53050,2 tbs
91,53050,1 can 
305,53050,1 tsp 
333,53050,1 cup 
125,52803,1-2tbsp
224,52803,Dash
24,52803,750g piece
255,52803,500g
137,52803,Dusting
122,52803,2 Beaten 
364,52807,½ cup 
149,52807,6 cloves
223,52807,1.5 tablespoon
96,52807,1 tablespoon chopped
23,52812,4-5 pound
281,52812,Dash
364,52812,3
149,52812,5 cloves
313,52812,1 Sprig
396,52812,1 sprig 
21,52812,4
49,52812,3 Large
219,52812,1 Tbsp
3,52824,8 slices
37,52824,12 florets
49,52824,1 Packet
123,52824,4
3,52826,1kg
227,52826,3
149,52826,4 cloves
104,52826,2 tsp
87,52826,1 tsp
21,52826,3
230,52826,2 tsp dried
16,52826,3 tbsp
249,52826,2 x 400g
315,52826,2 tbsp
107,52826,2 tbsp
31,52826,2 x 400g tins
224,52834,1 tbls
227,52834,1
149,52834,1 clove
41,52834,1 tbsp
218,52834,250g
24,52834,500g
248,52834,1tbsp
125,52834,1 tbsp
26,52834,100ml
237,52834,Topping
378,52842,2 tblsp 
364,52842,1 finely chopped 
55,52842,1
196,52842,1 sliced
41,52842,1 knob
328,52842,1 litre hot
37,52842,1 Head chopped
379,52842,140g
283,52848,8 large
399,52848,1 Jar
397,52848,1200g
30,52848,1 tbls
125,52848,1 tsp 
407,52855,1 large
123,52855,2 medium
15,52855,pinch
324,52855,spinkling
223,52855,1 tsp 
411,52855,25g
224,52873,2 tbs
41,52873,25g
3,52873,750g
248,52873,2 tblsp 
149,52873,2 cloves minced
227,52873,175g
55,52873,150g
49,52873,150g
196,52873,2 chopped
447,52873,200g
266,52873,150ml
26,52873,500g
20,52873,2
313,52873,3 tbs
237,52873,3 tblsp chopped
248,52873,125g
15,52873,1 tsp 
333,52873,Splash
3,52874,1kg
248,52874,2 tbs
378,52874,2 tbs
266,52874,200ml
26,52874,400ml
364,52874,1 finely sliced
49,52874,2 chopped
313,52874,3 sprigs
219,52874,2 tbs
122,52874,2 free-range
255,52874,400g
163,52874,300g
41,52874,25g
281,52874,pinch
244,52874,pinch
3,52878,900g
224,52878,3 tbs
289,52878,3
149,52878,2 cloves minced
313,52878,1 tbs chopped
20,52878,2
26,52878,400ml
354,52878,2 tbs
449,52878,8
248,52878,400g
281,52878,pinch
41,52878,250g
123,52878,To Glaze
41,52891,125g
52,52891,150g
197,52891,Grated
248,52891,150g
15,52891,½ tsp
305,52891,75g
52,52891,2 tbs
198,52891,1 tbs
115,52891,300ml 
343,52891,100ml
214,52891,Garnish with
41,52894,175g
52,52894,175g
286,52894,140g
471,52894,50g
15,52894,½ tsp
123,52894,3 Medium
324,52894,½ tsp
550,52894,¼ teaspoon
41,52894,175g
52,52894,175g
286,52894,140g
471,52894,50g
15,52894,½ tsp
123,52894,3 Medium
324,52894,½ tsp
550,52894,¼ teaspoon
466,52894,½ tsp
382,52894,200g
470,52894,1kg
347,52894,Dusting
391,52904,3 tsp
484,52904,600g
63,52904,250g
150,52904,2 sliced
316,52904,1 tbs
266,52904,750 ml 
54,52904,600g
224,52904,2 tbs
313,52904,sprigs of fresh
396,52904,sprigs of fresh
20,52904,2
47,52904,4
248,52913,375g
52,52913,50g
211,52913,75g
123,52913,3 Large
123,52913,To Glaze
41,52913,180g
227,52914,2 finely chopped
313,52914,sprigs of fresh
224,52914,2 tbs
328,52914,425g
333,52928,1/2 cup 
305,52928,1/2 cup 
211,52928,1/2 cup 
41,52928,6 tblsp
123,52928,2
281,52928,1 ½ tsp
137,52928,2-1/2 cups
223,52928,for frying
197,52928,garnish
305,52928,garnish
84,52928,garnish
1,52940,1 whole
365,52940,1 chopped
227,52940,2 chopped
150,52940,2 chopped
264,52940,1 chopped
49,52940,1 chopped
202,52940,1
313,52940,2 tsp
548,52940,1 tsp 
296,52940,2 tbs
91,52940,2 cups 
327,52940,1 tbs
3,52952,1/2 lb
281,52952,pinch
244,52952,pinch
443,52952,2 tsp
483,52952,1/2 
223,52952,5 tbs
364,52952,1/2 cup 
212,52952,1 tsp 
154,52952,1 tsp 
533,52952,1 cup 
218,52952,1 cup 
333,52952,1 cup 
231,52952,1 tbs
305,52952,1 tsp 
296,52952,1 tsp 
393,52959,2 medium
237,52959,2 tbs chopped
197,52959,Juice of 1
62,52959,175g
224,52959,1 tbs
2,52959,350g
363,52959,to serve
123,52961,4 large
137,52961,3 tbs
305,52961,250g
84,52961,1 tsp 
200,52961,Grated Zest of 2
536,52961,5 tbs
347,52961,sprinking
224,52965,1 tbs
150,52965,Minced
412,52965,1 tbs
237,52965,Garnish
281,52965,Pinch
244,52965,Pinch
548,52965,To taste
41,52979,100g 
137,52979,150g
26,52979,700ml
364,52979,30g
237,52979,1 tbs
3,52979,400g
281,52979,Pinch
244,52979,Pinch
222,52979,Pinch
137,52979,50g
123,52979,2 Beaten 
263,52995,1
149,52995,2 cloves
202,52995,1
35,52995,2
4,52995,1 lb
389,52995, 
315,52995, 
305,52995, 
327,52995, 
281,52995, 
244,52995, 
268,52997,White
364,52997,1
202,52997,1
150,52997,3
103,52997,1
49,52997,3 oz 
512,52997,1 lb
296,52997,2 oz 
387,53013,400g
224,53013,2 tbs
583,53013,2
364,53013,Chopped
586,53013,1/4 
60,53013,2 sliced
582,53013,2 large
541,53013,2 tsp
244,53013,Pinch
219,53013,2 tsp
226,53013,1 1/2 tsp 
151,53013,1 1/2 tsp 
4,53018,1 lb
137,53018,1/4 cup
149,53018,3 chopped
364,53018,1 Diced
218,53018,1 1/2 cup 
440,53018,4 cups 
266,53018,1/4 cup
20,53018,1
17,53018,1 tsp 
207,53018,1 tsp 
597,53018,1/8 teaspoon
26,53018,5 Cups
316,53018,2 tbs
342,53018,1 dash
301,53036,1  bunch
248,53036,100g 
121,53036,1
211,53036,150ml
27,53036,1 tsp 
41,53036,3 tbs
327,53036,2 tbs
62,53036,6
483,53036,6
3,53053,1lb
327,53053,5 tbs
85,53053,1
87,53053,3
497,53053,3
47,53053,3
90,53053,1 cup 
333,53053,1 cup 
309,53053,2 tbs
202,53053,6
305,53053,1 tbs
557,53060,1 Packet
387,53060,150g
364,53060,150g
223,53060,40g
281,53060,Dash
244,53060,Dash
149,53068,3 cloves
364,53068,1 sliced
3,53068,2 Lbs
316,53068,8 ounces
333,53068,1 cup 
224,53068,3 tbs
197,53068,1 Slice
296,53068,1/4 cup
29,53068,1/2 tsp
21,53068,2
281,53068,To taste
3,53069,1 lb
296,53069,5 tablespoons
197,53069,1
149,53069,3 cloves
364,53069,3 parts 
224,53069,4 tbs
333,53069,1 cup 
281,53069,1 pinch
3,53070,2kg cut cubes
26,53070,1
296,53070,1 tbs
333,53070,2 cups 
425,53070,1 sliced
264,53070,1 sliced
49,53070,1 sliced
316,53070,8 ounces
238,53070,3  tablespoons
75,53070,5
364,53070,1 chopped
149,53070,5 cloves
224,53070,3 tbs
3,53071,1.5kg
573,53071,1
316,53071,8 ounces
333,53071,3 cups 
296,53071,6 tablespoons
541,53071,1 tbs
244,53071,2 tbs
20,53071,4
197,53071,1/2 
399,53071,2 tbs
41,53071,3 tbs
224,53071,1/2 cup 
364,53071,1 chopped
149,53071,4 cloves
35,53076,2
483,53076,2
281,53076,0.5
604,53078,3
224,53078,4 tbs
368,53078,1
333,53078,6 cups 
46,53078,1 can 
113,53078,Garnish
607,53080,1/2 cup 
137,53080,2/3 Cup
281,53080,1/2 tsp
211,53080,1 cup 
41,53080,2 tbs
483,53080,1 Seperated
41,52776,175g
211,52776,2 tablespoons
123,52776,5
160,52776,175g
137,52776,125g
137,52779,250g
41,52779,125g
483,52779,1
281,52779,Pinch
60,52779,300g
211,52779,100ml milk
123,52779,3
235,52779,100g
337,52779,3tbsp
177,52779,1 tbsp
17,52779,Topping
1,52795,1.2 kg
364,52795,5 thinly sliced
149,52795,8 cloves chopped
343,52795,1 cup
100,52795,¾ cup
281,52795,To taste
41,52796,2 tablespoons
224,52796,3 tablespoons
1,52796,5 boneless
281,52796,1 teaspoon
302,52796,1 cut into 1/2-inch cubes
37,52796,1 Head chopped
244,52796,1 red
281,52796,pinch
244,52796,pinch 
237,52796,chopped
66,52830,4 - 6
330,52830,1 bottle
104,52830,1½ tablespoon
149,52830,1 teaspoon
267,52830,1 can
173,52830,12
290,52830,2 cups
161,52830,Halved
184,52830,Sliced and Seeded
5,52830,Peeled and Sliced
168,52830,2 tablespoons
295,52830,3 tablespoons
211,52830,1 tablespoon
154,52831,1 tablespoon
149,52831,1 clove
278,52831,1 tablespoon
197,52831,1/3 cup
224,52832,1½ tbsp
289,52832,12 small
67,52832,2 (460g)
70,52832,4 (650g)
66,52832,2 (280g)
149,52832,3 finely chopped
266,52832,600ml
68,52832,150ml
396,52832,2 sprigs
371,52839,280g
373,52839,200g
224,52839,2 tblsp 
150,52839,2 cloves chopped
259,52839,1 large
189,52839,24 Skinned
62,52839,12
18,52839,Handful
201,52839,Leaves
35,52839,to serve
202,52839,Grated Zest of 2
52,52839,2 tsp
376,52840,1½ kg
41,52840,50g
364,52840,1 finely chopped 
313,52840,sprigs of fresh
20,52840,1
248,52840,1 tbls
211,52840,150ml
115,52840,150ml
237,52840,Chopped
224,52841,3 tbsp
227,52841,2 chopped
55,52841,2 sticks
49,52841,300g
20,52841,4
316,52841,5 tblsp 
305,52841,2 tblsp 
337,52841,2 tblsp 
329,52841,3
339,52841,400ml
41,52846,50g
364,52846,1 chopped
218,52846,100g 
248,52846,40g
368,52846,1
222,52846,pinch
220,52846,pinch
1,52846,250g
41,52846,1 knob
224,52850,1 tbsp
364,52850,1 chopped
65,52850,200g
154,52850,pinch
175,52850,2 tblsp 
405,52850,10
71,52850,220g
384,52850,200g
68,52850,200ml
95,52850,Handful
407,52853,1
5,52853,1
177,52853,2 tblsp 
198,52853,1 tsp 
323,52853,1 tsp 
333,52853,2 tbsp
284,52853,pinch
248,52856,300g
41,52856,75g
346,52856,100g 
347,52856,1 tbls
41,52856,150g
412,52856,200ml
413,52856,250g
414,52856,100g 
123,52856,4
324,52856,1 tsp 
411,52856,400g
415,52856,200g
417,52860,200g
416,52860,100g 
282,52860,250g
413,52860,400g
123,52860,4 large
248,52860,140g
89,52860,50g
71,52870,400g
224,52870,1 tblsp 
263,52870,1 finely sliced
394,52870,2 tsp
5,52870,1
202,52870,Juice of 1
202,52870,Chopped
295,52870,100g 
175,52870,2 tsp
98,52870,4
95,52870,to serve
68,52875,450ml
65,52875,3
41,52875,75g
196,52875,2 sliced
149,52875,2 cloves minced
248,52875,50g
211,52875,200ml
338,52875,3 tbs
115,52875,150ml
448,52875,150g
284,52875,spinkling
244,52875,pinch
248,52875,350g
41,52875,200g
140,52875,1
93,52875,1 tbls
140,52875,1
41,52879,30g
115,52879,5 tblsp 
122,52879,2
41,52879,30g
289,52879,7
49,52879,3 chopped
55,52879,2 sticks
150,52879,1 finely chopped 
338,52879,4 tbsp
316,52879,1 tbls
427,52879,400g
68,52879,350ml
1,52879,600g
363,52879,16
237,52879,2 tbs
327,52897,450ml
248,52897,400g
27,52897,2 tsp
305,52897,550ml
123,52897,5
281,52897,½ tsp
84,52897,2 tsp
49,52897,500g grated
410,52897,150g
346,52897,200g
52,52897,150g
41,52897,100g 
474,52898,500g
281,52898,1 tsp 
211,52898,300ml 
41,52898,40g
123,52898,1
327,52898,Dash
41,52898,25g
40,52898,75g
84,52898,2 tsp
477,52898,150g
211,52898,2 tbs
52,52898,2 tbs
486,52905,142ml
52,52905,25g
417,52905,100g 
41,52905,25g
41,52905,drizzle
52,52905,50g
417,52905,175g
115,52905,2 tbs
122,52905,4
121,52905,5
115,52905,2 tbs
347,52905,to serve
255,52910,320g
414,52910,4 tbs
464,52910,3
487,52910,4 tbs
347,52910,1 tbs
47,52910,3
224,52920,1 tbs
218,52920,300g
67,52920,4
368,52920,1
363,52920,100g 
237,52920,Chopped
419,52923,375g
123,52923,2 large
217,52923,175g
457,52923,100g 
324,52923,1 tsp 
41,52923,50g
486,52923,4 tsp
410,52923,50g
1,52934,1.5kg
41,52934,25g
224,52934,6 tblsp
263,52934,2 sliced
264,52934,3 Large
149,52934,6 cloves sliced
19,52934,300g
316,52934,drizzle
21,52934,4
313,52934,Handful
68,52934,350ml
117,52934,180g
200,52934,2
363,52934,100g 
281,52934,to serve
244,52934,to serve
187,52939,1  bunch
149,52939,3 cloves Chopped
364,52939,1 medium
313,52939,1 Sprig
365,52939,1
264,52939,1
407,52939,4
327,52939,Splash
1,52956,8 oz 
281,52956,pinch
244,52956,pinch
155,52956,1 tsp 
154,52956,1 tsp 
301,52956,1 tbs
268,52956,1/2 cup 
333,52956,8 cups 
95,52956,2 oz 
543,52966,6 chopped
41,52966,150g
544,52966,120g
416,52966,150g
224,52969,2 tbs
364,52969,1 Diced
264,52969,1 sliced
425,52969,1 sliced
149,52969,3 Cloves Crushed
104,52969,1 tsp 
281,52969,3/4 teaspoon
72,52969,1/2 teaspoon
123,52969,4
50,52976,250g
347,52976,100g 
122,52976,2
558,52976,2 tbs
347,52976,To Glaze
471,52976,100g 
433,52977,1 cup 
364,52977,1 large
49,52977,1 large
316,52977,1 tbs
104,52977,2 tsp
214,52977,1/2 tsp
313,52977,1/2 tsp
29,52977,1/4 tsp
265,52977,1/4 tsp
328,52977,4 cups 
333,52977,1 cup 
284,52977,Pinch
228,52989,3
110,52989,1 tbs
82,52989,300g
459,52989,500g
115,52989,284ml
135,52989,Handful
417,52989,Grated
471,52988,50g
33,52988,2 large
559,52988,200g
222,52988,1 whole
457,52988,1kg
248,52988,140g
217,52988,100g 
123,52988,3 Large
41,52988,250g
41,52990,200g
217,52990,200g
248,52990,200g
123,52990,4 Beaten
169,52990,50g
561,52990,100ml
559,52990,85g
479,52990,85g
457,52990,250g
458,52990,250g
411,52990,100g 
197,52990,Grated zest of 1
563,52990,1 ½ tbsp
562,52990,1 ½ tbsp
324,52990,1/2 tsp
15,52990,1/2 tsp
23,52998,3 Lbs
49,52998,5
440,52998,1 head
187,52999,1  bunch
182,52999,8
440,52999,1 Head chopped
150,52999,8
364,52999,Sliced
441,52999,Sliced
68,52999,1 cup 
281,52999, 
244,52999, 
581,53011,225g
41,53011,25g
259,53011,1 chopped
149,53011,1 clove finely chopped
65,53011,400g
224,53011,2 tbs
363,53011,Handful
263,53011,1 chopped
133,53011,100g 
214,53011,Chopped
197,53011,Juice of 1/2
65,53016,1
592,53016,1/4 cup
483,53016,1
211,53016,1/4 cup
137,53016,1/2 cup 
347,53016,1 tbs
281,53016,1/2 tsp
29,53016,1/4 tsp
151,53016,1/4 tsp
56,53016,1/4 tsp
53,53016,1/2 tsp
224,53016,1 cup 
583,53016,1
41,53037,Knob
570,53037,2
49,53037,1
447,53037,1/2 
440,53037,1/2 
20,53037,1
603,53037,100ml
68,53037,100g 
387,53055,500g
502,53055,250g
364,53055,1
149,53055,4 cloves
237,53055,3 tblsp chopped
15,53055,3/4 teaspoon
333,53055,3 tbs
329,53055,1
281,53055,1 tsp 
244,53055,1 tsp 
49,53056,1 chopped
425,53056,1 chopped
364,53056,1 Large Chopped
381,53056,800g
152,53056,1 tbs
316,53056,1 tbs
224,53056,80 ml 
313,53056,Sprinking
338,53056,250ml
244,53056,Pinch
46,53058,2 cans
327,53058,3 tbs
149,53058,2 cloves
237,53058,Pinch
23,53063,2
35,53063,2
201,53063,1
365,53063,1
448,53063,100g 
402,53063,100g 
483,53063,1
364,53063,1
244,53063,1
119,53072,1 large
288,53072,50g
123,53072,2
281,53072,To taste
244,53072,To taste
327,53072,For frying
491,53077,3 tbs
364,53077,1 large
440,53077,1 medium
49,53077,1
55,53077,1
20,53077,1
328,53077,8 cups 
295,53077,Garnish
113,53077,Garnish
333,52785,2-1/2 cups
281,52785,1 tsp
320,52785,1/4 tsp
221,52785,1/2 tsp
20,52785,2
154,52785,2 tsp shredded
264,52785,1/2 tsp
281,52785,1/2 tsp
305,52785,1 tsp
148,52785,1/4 tsp
471,52899,100g 
41,52899,180g
217,52899,180g
228,52899,Zest of 1
469,52899,3 tbs
248,52899,225g
15,52899,1 tsp 
123,52899,3 Large
169,52899,100g 
211,52899,2 tbs
477,52899,500g
479,52899,100g 
211,52899,1 tbs
52,52899,2 tsp
284,52907,Handful
20,52907,4
149,52907,4 cloves
313,52907,Handful
367,52907,4
338,52907,100ml
214,52791,sprigs of fresh
41,52888,250g
248,52888,350g
197,52888,Juice of 1/2
41,52888,25g
458,52888,200g
460,52888,50g
217,52888,100g 
84,52888,1 tsp 
154,52888,1 tsp 
548,52888,1 tsp 
197,52888,Zest of 1
123,52888,1 beaten
305,52888,spinkling
283,52895,2
218,52895,2
472,52895,1 Slice
123,52895,2
35,52895,1 Slice
518,52944,2 Pounds
327,52944,1/2 cup 
149,52944,1 clove peeled crushed
154,52944,1/2 tsp
313,52944,2 sprigs
20,52944,1
264,52944,0.5
424,52944,0.5
364,52944,1 sliced
49,52944,1 chopped
305,52944,1 tbs
548,52944,1/2 tsp
342,52944,1 tsp 
202,52944,1
519,52944,3/4 cup 
244,52944,pinch
68,52955,3 cups 
281,52955,1/4 tsp
305,52955,1/4 tsp
244,52955,pinch
443,52955,1 tsp 
241,52955,1/3 cup
218,52955,1/3 cup
333,52955,2 tbs
301,52955,1/4 cup
3,53031,1lb
364,53031,1
368,53031,1
150,53031,4
316,53031,1 tbs
268,53031,2 cups 
41,53031,1/4 cup
224,53031,2 cups 
579,53031,1
104,53031,1 tbs
541,53031,3 tbs
281,53031,To taste
244,53031,To taste
119,53073,1 lb
305,53073,2 tbs
281,53073,1 tsp 
244,53073,1 tsp 
149,53073,1 whole
224,53073,3 tbs
569,53073,4 oz 
520,53073,3 tbs
296,53073,2 tbs
20,53073,2
139,52802,900g
224,52802,2 tbsp
287,52802,600ml
336,52802,800g
222,52802,Grating
115,52802,3 tbsp
186,52802,200g
196,52802,1 finely sliced
237,52802,Large handful
113,52802,Handful
197,52802,Grated zest of 1
197,52802,Juice of 1
224,52815,3 tablespoons
364,52815,1
149,52815,2 cloves
142,52815,2 1/4 cups
313,52815,1 teaspoon
20,52815,3
281,52815,1 tablespoon
55,52815,2 sticks
353,52835,227g
41,52835,25g
354,52835,1 tsp 
235,52835,100g 
222,52835,Grated
237,52835,Chopped
283,52896,4
218,52896,4
472,52896,2 sliced
123,52896,2
35,52896,1 Slice
473,52896,100g 
41,52903,50g
224,52903,1 tbs
364,52903,1 kg
305,52903,1 tsp 
150,52903,4 sliced
248,52903,2 tbs
117,52903,250ml
26,52903,1L
35,52903,4 sliced
41,52906,75g
196,52906,1kg
281,52906,½ tsp
483,52906,1
122,52906,3
222,52906,¼ teaspoon
248,52906,225g
281,52906,½ tsp
41,52906,60g
451,52906,60g
59,52906,50g
333,52906,2 tbs
123,52915,3
41,52915,2 knobs
234,52915,1 tsp 
237,52915,1 tbs chopped
494,52915,1 tbs chopped
224,52918,3 tbs
117,52918,150ml
361,52918,200ml
393,52918,1 small finely diced
364,52918,1 small finely diced
149,52918,3 cloves Chopped
228,52918,1
497,52918,1
20,52918,1
175,52918,1 1/2 tsp 
316,52918,2 tbs
355,52918,Handful
335,52918,200g
313,52918,2
35,52918,to serve
393,52919,1 small
149,52919,1 clove finely chopped
211,52919,75 ml 
115,52919,100ml
41,52919,For Greasing
235,52919,to serve
346,52957,1 1/4 oz 
305,52957,1 1/4 cup
324,52957,1 teaspoon
137,52957,
255,52957,2
66,52996,2
49,52996,12 ounces
364,52996,1
26,52996,1
402,52996,1 1/2 cup 
295,52996,2 tbsp
41,52996, 
305,52996, 
327,52996, 
281,52996, 
244,52996, 
517,53025,2 cups 
237,53025,1/3 cup
224,53025,Dash
200,53025,3
150,53025,4
104,53025,Sprinking
137,53030,4 cups 
333,53030,1 1/2 cups 
281,53030,1/4 tsp
491,53030,1 cup 
224,53030,1/4 cup
454,53043,600g
165,53043,1 chopped
95,53043,3 tbs
105,53043,1 tsp 
244,53043,1/2 tsp
149,53043,3 cloves
154,53043,2 pieces 
137,53043,2 tbs
123,53043,3
327,53043,For frying
605,53061,500g
327,53061,Dash
137,53061,To Glaze
281,53061,Dash
176,53064,1/2 cup 
41,53064,1/2 cup 
234,53064,1/2 cup 
237,53064,2 tbsp
29,53064, 
224,53079,2 tbs
364,53079,1 sliced
49,53079,2 medium
361,53079,3 cups 
333,53079,3 cups 
20,53079,3
508,53079,1
2,53079,1
204,52829,8 ounces (230 grams)
248,52829,1/3 cup
220,52829,3/4 teaspoon
41,52829,6 tablespoons (85 grams)
339,52829,1 1/2 cups (360 milliliters)
176,52829,1 cup (240 milliliters)
215,52829,1 pound (455 grams) 
41,52829,4 tablespoons (55 grams)
35,52829,16 slices square
59,52829,8 slices mild
92,52829,8 slices
41,52829,4 tablespoons (55 grams)
65,52951,1 1/2 
248,52951,3/4 cup 
483,52951,1
15,52951,1 tbs
281,52951,1 tsp 
226,52951,1/2 tsp
151,52951,1/4 tsp
333,52951,3/4 cup 
68,52951,1/2 cup 
531,52951,1/4 cup
296,52951,3 tbs
177,52951,2 tbs
520,52951,1 tbs
443,52951,2 tbs
149,52951,1 clove
301,52951,2 chopped
154,52951,1 tsp 
397,53012,400g
224,53012,3 tbs
364,53012,1 chopped
150,53012,2 chopped
316,53012,2 tbs
305,53012,1 tbs
116,53012,1 tbs
84,53012,Pinch
79,53012,2 tbs
440,53021,1
41,53021,2 tbs
364,53021,1 chopped
512,53021,1 lb
569,53021,1/2 lb
268,53021,1 1/2 cups 
149,53021,1 tsp 
281,53021,1 tsp 
29,53021,1/4 tsp
316,53021,3 cans
605,53041,8
224,53041,2 tbs
149,53041,3 cloves
197,53041,1/2 
396,53041,4 sprigs
259,53041,1
119,53074,6
91,53074,1 can 
198,53074,1 tbs
281,53074,1 tsp 
265,53074,To taste
227,53074,4 Sticks
2,52773,1 lb
296,52773,2 tablespoons
278,52773,2 tablespoons
288,52773,4 tablespoons
77,52787,2 cups
176,52787,2 tbs
94,52787,1 – 14-ounce can
324,52787,1 tsp
334,52787,1-⅓ cups
213,52787,1-½ cups
218,52954,1/3 cup
535,52954,1/3 cup
522,52954,2/3 Cup
4,52954,1/2 cup 
68,52954,2-1/2 cups
281,52954,1/2 tsp
305,52954,1/4 tsp
443,52954,1 tsp 
244,52954,1/4 tsp
332,52954,1-½ cups
296,52954,1 tsp 
333,52954,2 tbs
301,52954,1/4 cup
286,52967,750g
305,52967,6 tablespoons
123,52967,2
211,52967,1 cup 
37,52993,1
149,52993,2 cloves
65,52993,2
16,52993, 
177,52993, 
68,52993, 
41,52993,1 tbsp
327,52993,1 tbsp
224,52993,1 tbsp
112,53007,100g 
471,53007,85g
41,53007,85g
162,53007,250ml
123,53007,2
197,53007,Zest of 1
228,53007,Zest of 1
177,53007,250ml
476,53007,To serve
139,53035,800g
41,53035,50g
150,53035,3 chopped
440,53035,1 chopped
301,53035,8
115,53035,100ml
219,53035,2 tbs
448,53035,180g
123,53035,4
41,52890,50g
286,52890,250g
323,52890,1 small
211,52890,150ml
256,52890,100g 
459,52890,to serve
70,52937,12
202,52937,1/2 
301,52937,1  bunch
154,52937,1 tbs chopped
149,52937,3 cloves
364,52937,1/2 
259,52937,3 chopped
313,52937,1/2 teaspoon
202,52937,Juice of 1
296,52937,2 tbs
327,52937,2 tbs
40,52937,3 tbs
548,52937,1 tbs
19,52937,200g
91,52937,400g
301,52937,1  bunch
313,52937,2 sprigs
149,52937,2 cloves chopped
548,52937,1 tbs
435,52937,800g
248,52938,4 cups 
281,52938,1 tsp 
106,52938,1 tsp 
41,52938,250g
333,52938,1 cup 
387,52938,900g
548,52938,1 tsp 
29,52938,1/2 tsp
327,52938,2 tbs
227,52938,1 cup 
264,52938,Ground
149,52938,2 tsp ground
313,52938,1 tbs
281,52938,1/4 tsp
315,52938,2 tbs
333,52938,2 cups 
227,52938,1/2 cup 
483,52938,1 beaten
333,52938,1 tbs
333,52938,1/4 cup
601,53033,300g
592,53033,Garnish
301,53033,Garnish
327,53034,1 tbs
364,53034,1 large
4,53034,1 chopped
328,53034,150ml
296,53034,1 tbs
305,53034,1 tsp 
123,53034,2 Beaten 
601,53034,200g
494,53034,Chopped
114,52769,500 Grams
201,52769,1 Bulb
365,52769,1
103,52769,3rd
1,52813,1 whole
223,52813,2 quarts neutral frying
121,52813,1
137,52813,1 1/2 cups 
40,52813,1 tablespoon
281,52813,1 tablespoon
112,52859,300g
41,52859,150g
94,52859,400g
122,52859,3
202,52859,4
115,52859,300ml 
347,52859,1 tbls
202,52859,to serve
327,52868,1 tbls
364,52868,1 finely chopped 
149,52868,2 cloves chopped
154,52868,1 part 
95,52868,1 Packet
104,52868,1 tsp 
148,52868,2 tsp
435,52868,400g
19,52868,to serve
455,52887,300g
21,52887,2
211,52887,300ml 
123,52887,4
237,52887,Handful
95,52887,Handful
327,52887,2 tbs
364,52887,1 chopped
95,52887,1 tsp 
106,52887,2 tsp
268,52887,300g
278,52945,2 tbs
296,52945,2 tbs
443,52945,2 tbs
354,52945,2 tbs
333,52945,2 tbs
1,52945,500g
75,52945,1 tbs
520,52945,1 tsp 
40,52945,1 tbs
301,52945,4 Chopped
150,52945,6 cloves
521,52945,220g
240,52945,100g 
296,52946,2 tbs
316,52946,1 tsp 
354,52946,1 tsp 
52,52946,1 tsp 
307,52946,1 tsp 
240,52946,85g
74,52946,3 Large
40,52946,1 tbs
150,52946,6 cloves
521,52946,450g
154,52946,to taste
224,52971,2 tbs
425,52971,1
227,52971,5
556,52971,1 tbs
418,52971,500g
123,52971,24 Skinned
281,52971,Pinch
244,52971,Pinch
224,52974,4 tbs
191,52974,750g
276,52974,1 1/2 tsp 
364,52974,1 Large Chopped
333,52974,25 ml
237,52974,30g
41,52974,1 tbs
197,52974,1
41,52978,2 tbs
60,52978,150g
364,52978,1 large
264,52978,1 large
258,52978,Pinch
333,53015,1/4 cup
333,53015,1 1/2 cups 
305,53015,1/2 cup 
281,53015,1 tsp 
123,53015,2
589,53015,1/3 cup
137,53015,5 drops
507,53015,Sprinking
211,53015,1/2 cup
305,53015,2 cups 
323,53015,1 1/2 cups 
591,53015,6 tablespoons
41,53015, 1/3 cup
38,53027,1 1/2 cups 
268,53027,1 1/2 cups 
95,53027,1/2 tsp
204,53027,2 cups 
71,53027,Can
364,53027,1 large
281,53027,Sprinking
327,53027,1/2 cup 
227,52805,3 sliced thinly
149,52805,4 whole
214,52805,Leaves
276,52805,½ tsp dissolved in ½ cup warm milk
105,52805,1 tbsp
84,52805,1 thin piece
87,52805,3
47,52805,2
191,52805,1 lb
364,52808,2 quartered
307,52808,4 tbsp
149,52808,4 cloves
154,52808,Thumb sized peeled and very finely grated
206,52808,2 tbsp
47,52808,6 bashed to break shells
20,52808,2
191,52808,1kg cubed
95,52808,Garnish chopped 
224,52821,1 tbsp
224,52843,2 tblsp 
364,52843,1 finely sliced
49,52843,2 chopped
380,52843,500g
149,52843,2 cloves minced
104,52843,½ tsp
154,52843,½ tsp
276,52843,¼ tsp
84,52843,1 tsp 
177,52843,1 tblsp 
382,52843,100g 
329,52843,1
383,52843,1 medium chopped
384,52843,Steamed
237,52843,Chopped
224,52844,1 tblsp 
364,52844,1 finely chopped 
55,52844,1 Stick
49,52844,1 medium
149,52844,2 cloves chopped
387,52844,500g
316,52844,1 tbls
177,52844,1 tblsp 
194,52844,500g
216,52844,125g
235,52844,50g
18,52844,Topping
381,52877,500g
137,52877,1 tbls
327,52877,Dash
364,52877,1 sliced
49,52877,2 sliced
328,52877,350ml/12fl
419,52877,450g
123,52877,To Glaze
41,52884,100g 
191,52884,900g
452,52884,3
227,52884,2 medium
49,52884,4 sliced
248,52884,25g
342,52884,2 tsp
68,52884,500ml
21,52884,2
224,52973,2 tbs
364,52973,1 medium finely diced
71,52973,250g
328,52973,1.5L
104,52973,1 tsp 
149,52973,5 cloves
281,52973,1/2 tsp
175,52973,1 tsp 
244,52973,Pinch
202,52973,1/2 
295,52987,1/4 cup
78,52987,2 tbs
116,52987,1/2 tbs
281,52987,1/4 tsp
35,52987,8 slices
365,52987,8 slices
402,52987,4 slices
41,52987,2 1/2 Tbs
149,53009,2 cloves
284,53009,2 tsp
224,53009,4 tbs
197,53009,Zest and juice of 1
113,53009,1 tbs
380,53009,750g
579,53009,To serve
580,53010,25g
193,53010,500g
104,53010,1 tsp 
95,53010,1 tsp 
149,53010,1 clove finely chopped
224,53010,For frying
103,53010,Grated
162,53010,200g
214,53010,2 tbs
191,53083,50g
608,53083,120g
198,53083,1 tbs
41,53083,2 tbs
364,53083,1 chopped
191,53083,450g
149,53083,2 cloves
328,53083,600ml
268,53083,2 cups 
276,53083,Pinch
237,53083,Garnish
166,52777,40 g
240,52827,85g
3,52827,600g stewing cut into strips
364,52827,1 cut thin wedges
202,52827,4 leaves
134,52827,1 tbsp
185,52827,to serve
218,52864,30g
428,52864,240g
149,52864,3 cloves
396,52864,3 sprigs
429,52864,500g
296,52864,2 tblsp 
338,52864,125ml 
194,52864,350g
277,52864,1/2 handful 
430,52864,to serve
307,52865,1 tbls
154,52865,2
104,52865,1 tsp 
320,52865,1 tsp 
95,52865,1 tsp 
165,52865,1
365,52865,4 large
241,52865,150g
148,52865,1 tsp 
95,52865,Small bunch
432,52865,to serve
327,52876,2 tbs
387,52876,500g
364,52876,1 chopped
316,52876,1 tbls
248,52876,1 ½ tbsp
218,52876,75g
26,52876,250ml
342,52876,Dash
419,52876,400g
122,52876,1
104,52880,2 tsp
378,52880,1 tbs
263,52880,2 finely chopped
150,52880,6
165,52880,3 finely chopped
264,52880,1 finely chopped 
222,52880,1 tsp 
95,52880,2 tsp
193,52880,1kg
244,52880,1 tsp 
95,52880,3 tbs
248,52880,340g
281,52880,½ tsp
211,52880,90 ml 
451,52880,150g
122,52880,Beaten
41,52900,175g
52,52900,175g
123,52900,3
286,52900,250g
211,52900,3 tbs
197,52900,Zest of 1
460,52900,To Glaze
23,52927,1
281,52927,3 tbs
29,52927,3 tbs
95,52927,1 tbs
305,52927,1 tbs
20,52927,1 tsp 
87,52927,1 tsp 
29,52927,3 tbs
95,52927,1 tbs
149,52927,1 tbs
364,52927,1 tbs
113,52927,1 tbs
125,52927,1 tsp 
56,52927,1 tbs
265,52927,1 tsp 
522,52947,450g
387,52947,100g 
443,52947,1/2 tbs
524,52947,1/2 tsp
244,52947,1 tbs
281,52947,1/2 tsp
296,52947,1 tbs
333,52947,400ml
224,52947,2 tbs
301,52947,4
149,52947,2 cloves chopped
154,52947,4 sliced
333,52947,2 1/2 tbs
553,52968,1 kg
354,52968,1 kg
281,52968,Pinch
364,52968,1
165,52968,1
96,52968,1  bunch
41,52991,225g
248,52991,350g
52,52991,100g 
483,52991,1 small
347,52991,Topping
3,53006,500g
162,53006,150g
483,53006,1 beaten
234,53006,3 tbs
365,53006,400g
316,53006,4 tbs
364,53029,1 chopped
3,53029,300g
281,53029,1 tsp 
333,53029,1 Litre
150,53029,1
224,53029,1/2 cup 
211,53038,200ml
41,53038,50g
219,53038,2 tbs
301,53038,Bunch
301,53038,Bunch
49,53047,6 chopped
364,53047,1 sliced
150,53047,4
104,53047,1 tsp 
95,53047,1/2 tsp
224,53047,1 tbs
148,53047,1/4 tsp
198,53047,1 tsp 
240,53048,50g
74,53048,15g
223,53048,5 tbs
333,53048,750 ml 
309,53048,1/2 tbs
263,53048,2
150,53048,4
440,53048,30g
76,53048,30g
522,53048,1
296,53048,1 tbs
483,53048,1
218,53059,150g
607,53059,50g
327,53059,4 tbs
364,53059,40g
149,53059,2 cloves
20,53059,1
329,53059,1tbsp
295,53059,50 ml 
541,53059,Dash
237,53059,Top
259,52851,1 large
154,52851,0.5
149,52851,1 large
95,52851,Bunch
307,52851,1 tbsp
66,52851,4
238,52851,5 tblsp 
68,52851,150ml
162,52851,200g
41,52858,85g
295,52858,140g
305,52858,1tbsp
346,52858,900g
52,52858,250g
248,52858,3 tbs
198,52858,1 ½ teaspoons
123,52858,3 Large
295,52858,250ml
295,52858,150ml
52,52858,1 tbsp
198,52858,2 tsp
459,52924,125g
52,52924,50g
89,52924,5 tbs
483,52924,1 beaten
112,52924,200g shredded
500,52924,100g 
471,52924,50g
41,52924,100g 
115,52924,4 tbs
499,52924,3 tbs
347,52924,250g
417,52924,150g
41,52924,50g
91,53051,2 cups 
333,53051,2 cups 
157,53051,1/4 tsp
154,53051,1
20,53051,1
268,53051,2 cups 
123,53051,4
103,53051,1
240,53051,1 cup 
555,53051,4 oz 
327,53051,2 tbs
364,53051,1
149,53051,3 cloves
289,53051,3
75,53051,2 tsp
555,53051,4 oz 
305,53051,3 tbs
309,53051,1/3 cup
325,52810,4 meaty shanks
137,52810,½ cup
224,52810,2 tablespoons 
41,52810,3 tablespoons
364,52810,1 medium chopped into ½-inch pieces
55,52810,1 chopped into ½-inch pieces
393,52810,1 bulb chopped into ½-inch pieces
149,52810,3 cloves
229,52810,2 strips
207,52810,1 ½ teaspoons
20,52810,1
117,52810,1 cup
68,52810,½ cup 
237,52810,2 tablespoons chopped
149,52810,1 teaspoon minced
199,52810,1 teaspoon grated 
364,52943,1 chopped
301,52943,1
149,52943,2 cloves minced
154,52943,1 tsp 
296,52943,2 tbs
144,52943,1 chopped
327,52943,2 tbs
333,52943,350ml
517,52943,200g
354,52943,1 tbs
333,52943,2 tbs
1,52774,1 cup
483,52774,1
227,52780,3
224,52780,2 tblsp
68,52780,100ml
234,52780,Topping
66,52780,4
299,52780,Topping
241,52780,Topping
327,52804,Dash
25,52804,1 Can
61,52804,2 cups
224,52837,1 tbls
364,52837,1 finely chopped 
149,52837,2 cloves minced
259,52837,1
316,52837,1 tbls
363,52837,70g
234,52837,Shaved
391,52847,4 tbsp
4,52847,350g
364,52847,1 large
149,52847,10
49,52847,1 thinly sliced
131,52847,1 tsp 
394,52847,2 tblsp 
328,52847,600ml
316,52847,1 tblsp 
396,52847,2 sticks
237,52847,Handful
395,52847,400g
223,52847,drizzle
35,52847,to serve
37,52847,to serve
137,52854,100g 
123,52854,2 large
211,52854,300ml 
307,52854,1 tbls
305,52854,to serve
418,52857,750g
419,52857,350g
248,52857,Dusting
52,52857,140g
281,52857,½ tsp
222,52857,½ tsp
84,52857,1 tsp 
123,52857,2 Beaten 
41,52857,25g
211,52857,175g
347,52857,1 tblsp 
41,52861,50g
420,52861,175g
421,52861,5
238,52861,175g
158,52861,175g
211,52861,150ml
115,52861,275ml
413,52861,2 tblsp 
422,52861,Crushed
354,52862,1 tsp 
228,52862,Juice of 2
228,52862,Zest of 1
52,52862,2 tbs
286,52862,200g
41,52862,50g
217,52862,100g 
84,52862,1 tsp 
211,52862,6 tblsp
41,52902,200g
483,52902,1 large
211,52902,4 tbs
158,52902,200g
30,52902,85g
40,52902,85g
286,52902,250g
171,52902,1 tbs
495,52916,8
52,52916,100g 
41,52916,100g 
497,52916,2
47,52916,3 Pods
84,52916,1 large
255,52916,500g
123,52921,10
224,52921,1 tbs
301,52921,3 finely chopped
264,52921,4
150,52921,1 clove peeled crushed
259,52921,1
346,52921,300g
211,52921,6 tblsp
494,52921,4 tbs
17,52921,2 tbs
273,52921,to serve
234,52921,to serve
224,52922,4 tbs
364,52922,1 large
393,52922,1 large
49,52922,2 chopped
117,52922,150ml
361,52922,1L
115,52922,150ml
41,52930,60ml
211,52930,½ cup 
387,52930,450g
364,52930,1 finely chopped 
503,52930,500ml
237,52930,to taste
281,52930,Dash
244,52930,Dash
41,52932,½ cup 
305,52932,1 cup 
123,52932,2
324,52932,1 tsp 
137,52932,2 cups 
15,52932,1 tsp 
211,52932,1 1/4 cup
412,52932,1 1/2 cup 
40,52932,1 1/2 cup 
486,52932,1 1/2 cup 
41,52932,1/3 cup
238,52958,1 cup 
305,52958,1/2 cup 
483,52958,1
333,53014,150ml
305,53014,1 tsp 
248,53014,225g
281,53014,1 1/2 tsp 
224,53014,Drizzle
402,53014,70g
230,53014,Peeled and Sliced
17,53014,Leaves
29,53014,Pinch
137,53017,1 cup 
281,53017,1/4 tsp
483,53017,1 Yolk
483,53017,1
41,53017,5 tbs
41,53017,6 tblsp
364,53017,1/3 cup
447,53017,1/2 cup 
23,53017,1/2 lb
123,53017,2 Beaten 
281,53017,1 tsp 
244,53017,1/4 tsp
41,53019,2 tbs
78,53019,1/3 cup
41,53019,3 tbs
78,53019,1/2 cup 
123,53019,3
295,53019,1 pot
137,53019,3 cups 
281,53019,1/4 tsp
15,53019,1 tbs
137,53022,1 cup 
123,53022,2
211,53022,1 cup 
333,53022,3/4 cup 
281,53022,Pinch
305,53022,1 tsp 
41,53022,3 tbs
1,53039,1.5kg
259,53039,3 chopped
149,53039,2 cloves
154,53039,1 tsp 
116,53039,1 tsp 
95,53039,1 tsp 
394,53039,2 tbs
223,53039,2 tbs
263,53039,1 sliced
49,53039,2
604,53039,1
440,53039,4 leaves
162,53039,2 tbs
394,53039,2 tbs
105,53039,1 tsp 
149,53042,1 clove
24,53042,2 small
224,53042,2 tbs
332,53042,1 tbs
237,53042,Leaves
273,53042,2 handfulls
18,53042,Small bunch
237,53042,Small bunch
184,53042,1
332,53042,1 tbs
301,53042,2 chopped
149,53042,1/2 
52,53042,1/2 tsp
4,53044,2
338,53044,200ml
197,53044,2
198,53044,1/2 
224,53044,Dash
327,53044,For frying
227,53045,2 finely chopped
264,53045,1 Diced
95,53045,Small bunch
259,53045,1 small
149,53045,3 cloves
117,53045,400ml
276,53045,Pinch
20,53045,1
249,53045,400g
508,53045,600g
360,53045,300g
376,53045,500g
355,53045,500g
248,53046,2 tbs
347,53046,2 tbs
255,53046,375g
52,53046,250g
199,53046,2 strips
84,53046,1 Stick
123,53046,2
122,53046,4
354,53046,50g
339,53046,500ml
323,53046,Pod of
84,53046,To serve
49,53081,3
281,53081,1 tbs
541,53081,1/2 tbs
123,53081,4
283,53081,7 oz 
113,53081,4 oz 
241,53081,1 can 
227,53081,4
213,52786,2 cups
77,52786,3 cups
238,52786,½ cup
324,52786,1 tsp
240,52786,1 ¼ cups
205,52809,4
154,52809,1 inch
149,52809,8 cloves
244,52809,1.5 tsp
104,52809,1 tsp
320,52809,½ tsp
47,52809,2
305,52809,1 tbsp
332,52809,2.5 tbsp
223,52809,for frying
224,52811,5 tablespoons
364,52811,1 chopped
55,52811,1 stalk chopped
149,52811,1 tablespoon minced
46,52811,2 cups
333,52811,4 cups
396,52811,1 fresh sprig
313,52811,1 fresh sprig
187,52811,1 pound chopped
341,52811,4 thick slices
234,52811,½ cup freshly grated
224,52816,2 tablespoons
49,52816,2 small cut into chunks
55,52816,2 small stalks
364,52816,1 medium finely diced
149,52816,6 medium cloves sliced
38,52816,12 ounces (340g)
21,52816,2
333,52816,4 cups
281,52816,Pinch
9,52816,2 teaspoons (10ml)
244,52816,Pinch
119,52816,2 large
396,52816,4 sprigs
237,52816,2 tablespoons
286,52901,225g
52,52901,75g
15,52901,1 tsp 
41,52901,125g
477,52901,150g
123,52901,1
211,52901,1 tbs
324,52901,2 tsp
424,52908,2
365,52908,4 large
224,52908,5 tbs
17,52908,Bunch
364,52908,1 medium
150,52908,3 finely chopped
394,52908,1 tsp 
305,52908,1 tsp 
41,52933,2 tbs
227,52933,2 chopped
68,52933,4 qt 
65,52933,1.5kg
281,52933,2 tbs
29,52933,1tbsp
435,52941,2 cups 
49,52941,1 large
301,52941,2 chopped
313,52941,4 sprigs
364,52941,1 Diced
29,52941,1/2 tsp
264,52941,2 chopped
150,52941,4 Mashed
548,52941,1 tbs
3,52941,2 Lbs
333,52941,2L
248,52941,1 cup 
333,52941,1/4 cup
91,52941,1 cup 
513,52942,6 small
393,52942,4 small
264,52942,1 thinly sliced
364,52942,1 finely chopped 
514,52942,300g
276,52942,pinch
338,52942,200ml
328,52942,700ml
501,52942,100g 
197,52942,1 chopped
237,52942,Handful
281,52942,pinch
29,52942,pinch
67,53020,4 Chopped
227,53020,2 large
49,53020,5 chopped
196,53020,1 chopped
55,53020,1 small
440,53020,1/4 
87,53020,1 whole
548,53020,1tsp
20,53020,2
237,53020,4 sprigs
113,53020,4 sprigs
244,53020,1 tsp 
281,53020,1 tbs
41,53024,1 cup 
122,53024,3
346,53024,8 oz 
15,53024,1 tsp 
137,53024,3 cups 
599,53024,1 Jar
387,53052,1/4 lb
364,53052,1
123,53052,3
74,53052,1 tbs
281,53052,To taste
244,53052,To taste
224,52784,1 tbls
364,52784,1
196,52784,1 chopped
149,52784,3 cloves
104,52784,4 tsp ground 
95,52784,2 tsp ground
84,52784,1/2 tsp
72,52784,1 tsp
89,52784,1 tsp
116,52784,1/2 tsp
333,52784,3 cups
49,52784,3 chopped
38,52784,1 1/2 cups
284,52784,1 tsp
302,52784,1 Small
51,52784,1 Cup
9,52784,1 tsp
175,52797,1 tsp
197,52797,juice of half
273,52797,150g/6oz
133,52797,80g/3oz
214,52797,20 chopped
281,52797,Pinch
244,52797,Pinch
224,52817,4 tablespoons
119,52817,6 small
71,52817,1 can
62,52817,2 cups halved
237,52817,½ cup 
189,52823,240g large
234,52823,50g shavings
112,52833,250g
41,52833,135g
346,52833,450g
324,52833,1tsp
347,52833,100g 
284,52833,1tsp
115,52833,300ml 
350,52833,drizzle
348,52833,Top
355,52836,400g
276,52836,2 pinches
224,52836,5 tblsp 
227,52836,1 large
149,52836,3 cloves
357,52836,1 tail
359,52836,4
361,52836,650ml
197,52836,Juice of 1
237,52836,Topping
224,52849,3 tbsp
149,52849,8 cloves chopped
52,52849,3 tbsp
394,52849,2 tblsp 
18,52849,Bunch
211,52849,3 tbsp
234,52849,85g
402,52849,2 sliced
299,52849,1kg
234,52849,100g 
222,52849,pinch
46,52849,400g
383,52866,350g
149,52866,3 parts 
224,52866,3 tbs
371,52866,350g
277,52866,Small bunch
364,52872,1 sliced
224,52872,4 tbsp
41,52872,25g
149,52872,6 cloves
123,52872,8
237,52872,Handful
445,52872,4
224,52872,drizzle
255,52881,300g
121,52881,Beaten
122,52881,Beaten
327,52881,2 tbs
3,52881,70 ml 
452,52881,200g
227,52881,2 chopped
248,52881,30g
26,52881,85 ml 
281,52881,pinch
244,52881,pinch
342,52881,Dash
41,52883,100g 
217,52883,175g
123,52883,2 large
286,52883,225g
15,52883,1 tsp 
27,52883,1 tsp 
30,52883,3 tbs
211,52883,275ml
115,52883,to serve
41,52883,100g 
217,52883,125g
30,52883,1 tbs
115,52883,300ml 
324,52883,1 tsp 
286,52886,250g
281,52886,pinch
458,52886,175g
52,52886,80g
197,52886,Zest of 1
228,52886,Zest of 1
211,52886,150ml
459,52886,to serve
461,52889,100g 
52,52889,175g
35,52889,7 Slices
378,52911,1 tbs
196,52911,2 finely chopped
328,52911,1L
46,52911,400g
163,52911,200g
150,52911,3 chopped
17,52911,Small pack
234,52911,40g
448,52925,1kg
241,52925,200g (soaked overnight)
227,52925,2 chopped
49,52925,2 chopped
21,52925,2
55,52925,1 chopped
501,52925,300g
35,52925,to serve
40,52931,2 cups 
41,52931,¼ cup
123,52931,2
324,52931,1 tsp 
281,52931,1 tsp 
248,52931,½ cup 
211,52931,1 1/2 cups 
507,52935,2 tbs
24,52935,4
26,52935,1 1/2 cup 
41,52935,2 tbs
149,52935,2 cloves minced
218,52935,4 oz 
176,52935,¼ cup
505,52935,1 tbs
342,52935,1 tbs
506,52935,Dash
237,52935,1 tbs minced
494,52935,1 tbs minced
281,52935,to taste
244,52935,to taste
509,52936,450g
364,52936,1 chopped
106,52936,2 tsp
186,52936,2 tsp
264,52936,1 sliced
424,52936,1 sliced
281,52936,to taste
244,52936,to taste
286,52936,250g
281,52936,pinch
224,52936,for frying
4,52949,200g
483,52949,1
333,52949,Dash
281,52949,1/2 tsp
305,52949,1 tsp 
296,52949,10g
316,52949,30g
332,52949,10g
95,52949,Dash
3,52950,1/2 lb
281,52950,1/2 tsp
443,52950,1 tsp 
244,52950,1 pinch
121,52950,1
223,52950,4 tbs
154,52950,1 tsp 
149,52950,1 tsp 
364,52950,3/4 cup 
49,52950,1/2 cup 
425,52950,3/4 cup 
55,52950,1 cup 
218,52950,1 cup 
530,52950,1 tbs
333,52950,1 cup 
231,52950,1 tbs
305,52950,1 tsp 
296,52950,1 tbs
270,52953,1/2 bag
483,52953,1/2 
244,52953,pinch
443,52953,2 tsp
223,52953,4 tbs
212,52953,1 tsp 
154,52953,1 tsp 
364,52953,1/2 cup 
533,52953,1 cup 
301,52953,1/2 cup 
530,52953,1 tbs
231,52953,1 tbs
305,52953,1/2 tbs
332,52953,1/2 tbs
296,52953,1 tbs
2,52960,400g
5,52960,3
103,52960,1
299,52960,400g
214,52960,4 tbs
202,52960,zest and juice of 1
177,52960,2 tsp
224,52960,3 tbs
123,52962,4
541,52962,2 tbs
41,52962,To serve
542,52962,8 slices
198,52962,2 tsp
541,52962,2 tsp
483,52962,3 Yolkes
491,52962,125g
224,52963,1 tbs
263,52963,2 chopped
259,52963,1 finely chopped 
149,52963,1 clove
95,52963,Chopped
62,52963,800g
52,52963,1 tbs
123,52963,4
133,52963,Spinkling
41,52964,50g
364,52964,1 chopped
47,52964,3 Pods
320,52964,1/4 tsp
85,52964,1 small
20,52964,Sprigs of fresh
19,52964,450g
68,52964,1 Litre
455,52964,750g
123,52964,3
237,52964,3 tblsp chopped
197,52964,1 chopped
20,52980,2 leaves
289,52980,2
41,52980,3 tbs
187,52980,750g
283,52980,2
211,52980,500ml
222,52980,Grated
281,52980,Pinch
244,52980,Pinch
333,52981,2L
241,52981,300g
4,52981,100g 
329,52981,1
55,52981,2
49,52981,2
364,52981,1 small
196,52981,1 small
54,52981,1 cup 
283,52981,1 pound
122,52982,6
281,52982,As required
29,52982,As required
49,52992,12 ounces
149,52992,2 cloves
35,52992,1 Slice
151,52992,1
296,52992,2
512,52992,1
327,52992,1 tsp 
305,52992,2 tsp
41,52992,2 tbsp
488,52994,1
149,52994,2 cloves
197,52994,1
4,52994,2
344,52994,1
68,52994,1
327,52994,1 tbsp
305,52994,1 1/2 tsp 
41,52994,2 tbsp
137,53005,350g
281,53005,1 tsp 
305,53005,2 tbs
41,53005,1 cup 
333,53005,1/2 cup 
578,53005,450g
305,53005,150g
84,53005,1/4 tsp
198,53005,1 tsp 
491,53005,2 tbs
211,53005,2 tbs
305,53005,Spinkling
305,53008,Pinch
224,53008,4 tbs
364,53008,1 chopped
150,53008,2 finely chopped
191,53008,200g
84,53008,1 tbs
316,53008,2 tbs chopped
268,53008,50g
68,53008,100ml
113,53008,4 tbs
79,53008,2 tbs
214,53008,1 tbs
598,53023,8
364,53023,1 sliced
224,53023,1/2 cup 
548,53023,1 tsp 
244,53023,1 tsp 
20,53023,1
70,53028,1 kg
95,53028,1 tbs
104,53028,1 tbs
47,53028,1 tbs
53,53028,1 tsp 
198,53028,2 tbs
224,53028,3 tbs
162,53028,1 cup 
150,53028,1
104,53028,1 tsp 
198,53028,Splash
201,53028,Sliced
365,53028,Sliced
579,53028,6
301,53040,1  bunch
224,53040,Dash
259,53040,1 finely sliced
149,53040,1 clove
133,53040,75g
41,53040,15g
248,53040,250g
483,53040,1 Seperated
541,53040,1/2 tsp
268,53054,400g
91,53054,150ml
333,53054,100ml
281,53054,1 tsp 
354,53054,5 tbs
137,53054,3 tbs
123,53054,3
90,53054,200ml
305,53054,140g
601,53065,300ml 
529,53065,100ml
52,53065,2 tbs
529,53065,1 tbs
296,53065,1 tbs
103,53065,1
425,53067,4 whole
224,53067,1 tablespoon
364,53067,1 small finely diced
149,53067,2 cloves minced
581,53067,1 cups
554,53067,1 can 
104,53067,1 teaspoon
72,53067,½ tsp
281,53067,To taste
244,53067,To taste
290,53067,1 1/2 cup 
305,53082,4 tbs
100,53082,1 cup 
295,53082,1/4 cup
305,52814,1 tsp
1,52814,450g boneless
268,52814,Boiled
224,52845,1 tblsp 
364,52845,1 large
149,52845,1 clove peeled crushed
342,52845,2 tblsp 
316,52845,3 tsp
388,52845,500g
123,52845,1 large
389,52845,2 tblsp 
46,52845,800g
237,52845,2 tblsp 
224,52852,2 tblsp 
123,52852,4
394,52852,1 tbls
406,52852,2 tblsp 
307,52852,50g
263,52852,½
299,52852,100g 
319,52852,400g
197,52869,zest and juice of 1
224,52869,2 tblsp 
263,52869,1 chopped
149,52869,1 clove peeled crushed
424,52869,1 thinly sliced
163,52869,200g
187,52869,100g shredded
433,52869,250g pack
41,52882,Knob
211,52882,Dash
41,52882,75g
196,52882,2 sliced
248,52882,75g
338,52882,150ml
211,52882,568ml
237,52882,2 tbs chopped
2,52882,250g
454,52882,250g
455,52882,250g
123,52882,6
248,52892,250g
41,52892,135g
158,52892,400g
200,52892,Zest of 2
123,52892,1 beaten
255,52909,300g
248,52909,Dusting
464,52909,6
52,52909,100g 
41,52909,85g
41,52912,50g
234,52912,25g
211,52912,300ml 
21,52912,2
248,52912,5 tbs
125,52912,½ tsp
53,52912,Pod of
123,52912,3
489,52912,8 slices
115,52912,150ml
299,52912,to serve
307,52926,1 tsp 
502,52926,500g
364,52926,1 finely chopped 
150,52926,1 finely chopped 
84,52926,¼ tsp
548,52926,¼ tsp
222,52926,¼ tsp
328,52926,100ml
419,52926,400g
483,52926,To Glaze
137,52929,2 cups 
305,52929,1/3 cup
15,52929,3 tsp
281,52929,½ tsp
483,52929,1 beaten
211,52929,¾ cup
223,52929,3 tbs
223,52929,for frying
347,52929,garnish
228,52970,1 large
52,52970,300g
224,52970,75 ml 
137,52970,280g
15,52970,1 tbs
123,52970,4 large
324,52970,2 tsp
193,52972,500g
149,52972,2 cloves minced
364,52972,1
299,52972,300g
316,52972,3 tbs
104,52972,1 tbs
68,52972,1 Litre
175,52972,3 tsp
71,52972,400g
198,52972,1/2 
204,52972,150g
281,52972,Pinch
244,52972,Pinch
224,52975,2 tbs
301,52975,8
299,52975,200g
557,52975,4
319,52975,1 can 
123,52975,2
103,52975,1/4 
198,52975,1 tbs
469,52975,4 tbs
517,53026,3 cups 
301,53026,6
150,53026,4
237,53026,1/4 cup
104,53026,2 tsp
15,53026,1 tsp 
53,53026,1/2 tsp
137,53026,Spinkling
327,53026,As required
570,53032,4
137,53032,100g 
123,53032,2 Beaten 
327,53032,Fry
315,53032,2 tbs
342,53032,2 tbs
231,53032,1 tbs
52,53032,2 tblsp 
3,53057,500g
227,53057,2 chopped
49,53057,2 chopped
149,53057,2 cloves
20,53057,2
266,53057,200ml
333,53057,2 Litres
219,53057,3 tbs
281,53057,1tbsp
244,53057,1/2 tsp
327,53057,2 tbs
119,53075,4
123,53075,2
281,53075,1 tsp 
224,53075,4 tsp
4,52828,1.5 pounds sliced
271,52828,1 package thin
120,52828,4-6
149,52828,1.5 tablespoons minced garlic
305,52828,¼ cup
134,52828,1 tablespoon
244,52828,½ tablespoon
224,52828,3 tablespoons
103,52828,Sliced
214,52828,Leaves
240,52828,Crushed
224,52838,1 tbls
367,52838,4
227,52838,2 finely chopped
149,52838,2 cloves minced
84,52838,2 tsp ground
248,52838,2 tsp
266,52838,250ml
368,52838,1
396,52838,3 sprigs
21,52838,2
305,52838,1 tsp 
211,52838,2 tbs
370,52838,600g
235,52838,Grated
378,52863,1
364,52863,1
149,52863,3 cloves
104,52863,½ tsp
313,52863,1 tblsp 
49,52863,3 Medium
55,52863,2 small stalks
264,52863,1
424,52863,1
365,52863,2 x 400g tins
329,52863,250ml
313,52863,2 sprigs
433,52863,250g
434,52867,400g
435,52867,1 can 
436,52867,1 Packet
282,53000,1/2 cup 
218,53000,1 oz 
38,53000,3/4 cup 
149,53000,6 cloves
190,53000,1 tsp 
364,53000,3 cups 
316,53000,2 tbsp
21,53000, 
224,53000, 
117,53000,2 cups 
328,53000,8 cups 
296,53000,2 tsp
396,53000,2 sprigs
237,53000, 
277,53000, 
494,53000, 
115,52917,568ml
334,52917,100g 
323,52917,Pod of
122,52917,6
52,52917,2 tbs
52,52917,Top
4,52948,1lb
150,52948,3 chopped
154,52948,1 tsp 
296,52948,1 tbs
443,52948,1 tsp 
49,52948,3 finely chopped
55,52948,3 finely chopped
301,52948,6 chopped
527,52948,1 Packet
223,52948,Fry
333,52948,Bottle
137,53062,450g
52,53062,55g
281,53062,1/2 tsp
211,53062,6 oz 
123,53062,2 Beaten 
41,53062,30g
410,53062,140g
41,53062,85g
40,53062,85g
84,53062,1 tsp 
211,53062,To Glaze
347,53062,To Glaze
443,52871,2 tbs
364,52871,1 sliced
440,52871,0.25
441,52871,10
301,52871,4
296,52871,2 tbs
52,52871,1 tblsp 
342,52871,1 tblsp 
